"index","first","last","gender","email","dob","country","street","city","state","postcode","phone","cell"
0,"Bobby","Henkel","male","bobby.dunne@example.com","2001-01-20","Ireland","Rochestown Road","Celbridge","Meath","43159","021-072-1858","081-860-6666"
1,"Antonietta","Henkel","female","antonietta.henkel@example.com","1994-12-29","Germany","Drosselweg","Kelbra (Kyffhäuser)","Brandenburg","11689","0081-5468102","0179-5272157"
2,"Avery","Henkel","female","avery.austin@example.com","1974-06-07","United Kingdom","Main Road","Salisbury","Tyne and Wear","Q3D 1DY","0111462 381 3128","07636 129169"
3,"Jasmine","Henkel","female","jasmine.wright@example.com","1999-09-23","New Zealand","Northcote Road","Whangarei","Auckland","64536","(467)-405-5132","(757)-201-4704"
4,"Christophe","Henkel","male","christophe.denis@example.com","1955-09-14","Switzerland","Rue Cyrus-Hugues","Mötschwil","Glarus","4856","076 205 12 48","075 499 88 58"
5,"Stevie","Henkel","female","stevie.rog@example.com","1971-08-25","Netherlands","It Reedtsje","Vroomshoop","Noord-Holland","4404 SE","(062) 7864933","(06) 01371879"
6,"Vanessa","Henkel","female","vanessa.mitchell@example.com","1965-10-12","United Kingdom","Green Lane","Coventry","Lancashire","T8 8UY","016977 46496","07242 380910"
7,"Sarah","Henkel","female","sarah.king@example.com","1963-01-23","United Kingdom","Oaks Cross","Cambridge","Staffordshire","II0 5TX","016973 43993","07417 491037"
8,"Mattis","Henkel","male","mattis.traeland@example.com","2000-06-14","Norway","Sørhellinga","Hellerud","Hedmark","5854","59927884","45233531"
9,"Sina","Henkel","female","sina.campos@example.com","1989-12-12","Brazil","Rua Das Flores ","Guarujá","Santa Catarina","62705","(48) 8031-1970","(20) 0880-5564"
10,"Braxton","Henkel","male","braxton.cooper@example.com","1994-09-17","New Zealand","Pakowhai Road","New Plymouth","Hawke'S Bay","66518","(574)-512-5161","(663)-303-0315"
11,"آیناز","Henkel","female","aynz.mwswy@example.com","1995-10-31","Iran","میدان فلسطین","زاهدان","خراسان رضوی","26257","048-22558730","0940-664-0291"
12,"Isaac","Henkel","male","isaac.watkins@example.com","1978-12-29","Australia","Rolling Green Rd","Melbourne","New South Wales","6529","03-4694-7459","0465-532-994"
13,"Emma","Henkel","female","emma.menard@example.com","1974-05-09","France","Place du 22 Novembre 1943","Dijon","Creuse","65752","03-48-21-66-75","06-68-46-66-40"
14,"Sasha","Henkel","male","sasha.perez@example.com","1966-04-08","France","Rue Barrier","Mulhouse","Lozère","61914","05-35-45-26-42","06-94-95-47-60"
15,"Coşkun","Henkel","male","coskun.bademci@example.com","1955-02-11","Turkey","Doktorlar Cd","İstanbul","Adana","20949","(449)-880-9733","(069)-512-0414"
16,"Sharlene","Henkel","female","sharlene.armstrong@example.com","1951-05-24","United States","Pecan Acres Ln","Akron","Vermont","70702","(953) 871-9177","(222) 956-5279"
17,"Lina","Henkel","female","lina.bezborodko@example.com","1995-07-05","Ukraine","Vagonna","Bahmut","Luganska","59820","(067) W25-8855","(096) Q61-7634"
18,"Aidé","Henkel","male","aide.pires@example.com","1997-03-15","Brazil","Rua Rui Barbosa ","Araras","Amazonas","75753","(26) 6824-2206","(10) 2754-8409"
19,"Đuraš","Henkel","male","duras.zivadinovic@example.com","2000-10-23","Serbia","Vučka Milićevića","Titel","Bor","40110","023-0714-482","061-9143-064"
20,"Maria","Henkel","female","maria.blagojevic@example.com","1994-03-13","Serbia","Komoranska","Petrovac na Mlavi","Central Banat","58761","036-2621-472","060-3639-725"
21,"Linnea","Henkel","female","linnea.niska@example.com","1944-11-11","Finland","Hämeenkatu","Taipalsaari","Pirkanmaa","46103","04-599-498","041-757-13-58"
22,"Boško","Henkel","male","bosko.novak@example.com","1983-12-03","Serbia","Bistražinska","Irig","Peć","78926","033-5651-431","063-3656-196"
23,"Jeanette","Henkel","female","jeanette.nelson@example.com","1973-11-07","Australia","Lakeview St","Bathurst","New South Wales","8575","09-3797-7156","0409-033-210"
24,"کوروش","Henkel","male","khwrwsh.ysmy@example.com","1985-05-10","Iran","میدان جمهوری","تبریز","کرمانشاه","49125","060-69687230","0972-559-2455"
25,"Shravya","Henkel","female","shravya.vernekar@example.com","1976-04-22","India","Commercial St","Panipat","Uttarakhand","59212","7455224005","7455425269"
26,"Frida","Henkel","female","frida.pedersen@example.com","1947-11-24","Denmark","Præstøvej","Sundby","Hovedstaden","81661","43013615","67695556"
27,"Brittany","Henkel","female","brittany.jensen@example.com","1988-11-17","United Kingdom","Manchester Road","Wells","Mid Glamorgan","V22 7ZW","017687 89164","07385 598276"
28,"Nour","Henkel","female","nour.hatland@example.com","1993-06-07","Norway","Rådyrlia","Ørnes","Hordaland","9486","63615621","99744554"
29,"Nicklas","Henkel","male","nicklas.rasmussen@example.com","1995-11-19","Denmark","Østre Strandvej","Rødvig Stevns","Nordjylland","23300","99416778","91148331"
30,"Ömür","Henkel","female","omur.dalkiran@example.com","1953-03-11","Turkey","Vatan Cd","Denizli","Gümüşhane","15801","(770)-577-5736","(987)-217-4320"
31,"Eemeli","Henkel","male","eemeli.niskanen@example.com","1958-08-02","Finland","Visiokatu","Kontiolahti","Pirkanmaa","28369","09-157-995","049-650-01-65"
32,"Jonas","Henkel","male","jonas.nielsen@example.com","1972-11-23","Denmark","Højtoften","Gjern","Hovedstaden","33064","08092593","40317884"
33,"Oya","Henkel","female","oya.abadan@example.com","1996-08-18","Turkey","Abanoz Sk","Ordu","Balıkesir","55716","(769)-468-3081","(174)-938-4014"
34,"Meral","Henkel","female","meral.alniacik@example.com","1967-03-12","Turkey","Istiklal Cd","Yalova","Bursa","54238","(421)-876-9635","(492)-444-3866"
35,"Miro","Henkel","male","miro.mercier@example.com","1961-01-19","Switzerland","Rue Saint-Georges","Leimbach (Ag)","Basel-Stadt","2213","079 675 19 17","078 990 94 24"
36,"Miško","Henkel","male","misko.sekulic@example.com","1948-10-30","Serbia","Ljubiše Veličkovića","Kučevo","Kosovo-Pomoravlje","48359","018-5542-949","069-0812-785"
37,"Nalan","Henkel","female","nalan.poyrazoglu@example.com","1989-05-27","Turkey","Bağdat Cd","Bursa","Hatay","80656","(356)-610-2909","(989)-658-0968"
38,"Gabriel","Henkel","male","gabriel.gutierrez@example.com","1995-02-20","Mexico","Calzada Norte Madrid","El Naranjo","Tamaulipas","61677","(632) 088 5460","(607) 349 3505"
39,"Nina","Henkel","female","nina.charles@example.com","1969-07-06","France","Place des 44 Enfants D'Izieu","Lyon","Allier","88139","01-88-75-78-99","06-53-91-42-88"
40,"Aleksi","Henkel","male","aleksi.nikula@example.com","1992-07-25","Finland","Satakennankatu","Joroinen","Kainuu","99216","04-088-961","043-658-20-14"
41,"Jovica","Henkel","male","jovica.grujic@example.com","1975-03-05","Serbia","Radoslava Radenkovića","Raška","Rasina","36860","027-0616-966","061-8934-247"
42,"Belén","Henkel","female","belen.campos@example.com","1982-02-21","Spain","Avenida de Andalucía","Fuenlabrada","Región de Murcia","84279","990-470-384","691-029-943"
43,"Yunnuel","Henkel","male","yunnuel.rocha@example.com","2000-01-19","Mexico","Retorno Ceja","Ecuandureo","Baja California","94802","(676) 668 1531","(662) 485 7531"
44,"Teodora","Henkel","female","teodora.pistalo@example.com","1954-02-14","Serbia","Prvog Maja","Senta","Jablanica","39232","018-3607-526","067-3005-346"
45,"Yara","Henkel","female","yara.charles@example.com","1996-07-01","Switzerland","Rue Gasparin","Bonvillars","Appenzell Ausserrhoden","2022","076 013 27 04","079 205 48 79"
46,"Jennifer","Henkel","female","jennifer.hanson@example.com","1967-04-06","United Kingdom","Rectory Lane","Derby","Kent","CJ84 8YZ","015394 25218","07796 219011"
47,"Velizar","Henkel","male","velizar.ratkovicristic@example.com","1954-04-10","Serbia","Miloja Milojevića","Irig","Rasina","61437","034-8617-067","060-2334-151"
48,"Camille","Henkel","female","camille.claire@example.com","1961-01-18","Canada","3rd St","Burlington","New Brunswick","W0W 3A0","D32 O91-2334","G93 L47-6285"
49,"Violeta","Henkel","female","violeta.toro@example.com","1979-09-03","Mexico","Andador Indonesia","Dziuche","Aguascalientes","83904","(696) 699 5425","(697) 741 7049"
50,"Leda","Henkel","female","leda.nogueira@example.com","1973-07-01","Brazil","Travessa dos Açorianos","Serra","Maranhão","45054","(03) 0124-8751","(90) 0634-1718"
51,"Ladislau","Henkel","male","ladislau.novaes@example.com","1990-10-29","Brazil","Rua Um","Contagem","Minas Gerais","87277","(87) 5646-9351","(00) 2028-9635"
52,"Lucas","Henkel","male","lucas.brown@example.com","1974-01-31","Canada","Balmoral St","Souris","Saskatchewan","M3G 2E3","U78 V44-9976","X08 O88-5942"
53,"Cristóbal","Henkel","male","cristobal.vidal@example.com","1965-08-01","Spain","Avenida de Andalucía","Murcia","Extremadura","93958","983-598-520","647-466-601"
54,"Anita","Henkel","female","anita.hayes@example.com","1987-10-19","United States","Locust Rd","Gresham","Nevada","36682","(681) 915-3486","(208) 759-4264"
55,"Borislava","Henkel","female","borislava.semkiv@example.com","1947-10-17","Ukraine","Lukivskiy proyizd","Znam'yanka","Hmelnicka","64182","(066) N04-1978","(068) B69-4957"
56,"Alba","Henkel","female","alba.velasco@example.com","1996-06-17","Spain","Avenida de América","Elche","Castilla y León","56486","954-756-272","641-308-667"
57,"Tanja","Henkel","female","tanja.dokanovic@example.com","1949-02-10","Serbia","Marije Milutinović","Lajkovac","Kosovo-Pomoravlje","73442","019-5434-217","064-1078-191"
58,"Boleslav","Henkel","male","boleslav.bilas@example.com","1959-10-29","Ukraine","Dobrovolchih batalyoniv","Dniprorudne","Rivnenska","43770","(068) U63-0228","(068) H69-6468"
59,"Lenni","Henkel","male","lenni.wirtanen@example.com","1987-02-05","Finland","Korkeavuorenkatu","Harjavalta","Satakunta","78936","09-353-363","044-804-68-58"
60,"Alexandra","Henkel","female","alexandra.bryant@example.com","1945-05-09","United Kingdom","New Street","Bangor","Mid Glamorgan","A8 7GE","019467 30421","07599 741308"
61,"Lena","Henkel","female","lena.ulset@example.com","1972-01-25","Norway","Bogerudslyngen","Karasjok","Hedmark","0477","72993281","45907565"
62,"Elizabeth","Henkel","female","elizabeth.mitchelle@example.com","1950-12-28","United States","Prospect Rd","El Paso","Delaware","48426","(711) 969-8026","(852) 352-4912"
63,"Leona","Henkel","female","leona.byrd@example.com","1957-11-23","Australia","E Little York Rd","Wagga Wagga","Western Australia","1477","02-8042-7667","0448-108-220"
64,"Ranbir","Henkel","male","ranbir.chatterjee@example.com","1984-04-25","India","Bandstand Promenade","Tadepalligudem","Madhya Pradesh","21245","7057547825","7747912337"
65,"Ravi","Henkel","male","ravi.shetty@example.com","1982-11-30","India","Rasta Peth","Ahmedabad","Tripura","38225","9703111739","9124242864"
66,"Mads","Henkel","male","mads.jensen@example.com","1972-02-25","Denmark","Kærvej","København Sv","Danmark","30150","38684179","72747713"
67,"Felicia","Henkel","female","felicia.sveen@example.com","1970-10-28","Norway","Rabakken","Flisa","Nordland","7438","87403073","97117126"
68,"Sebastian","Henkel","male","sebastian.white@example.com","1961-03-30","New Zealand","Rutherford Street","Porirua","Nelson","37604","(899)-408-0293","(981)-833-9957"
69,"Thomas","Henkel","male","thomas.jones@example.com","1956-11-14","New Zealand","Esmonde Road","Porirua","West Coast","80795","(208)-407-3012","(166)-808-8206"
70,"Jacob","Henkel","male","jacob.borsheim@example.com","1979-02-27","Norway","Skøyenbrynet","Farsund","Hordaland","8089","79280393","42028316"
71,"Surma","Henkel","male","surma.sibiga@example.com","1969-07-22","Ukraine","Sarnavska","Ochakiv","Avtonomna Respublika Krim","97697","(098) S83-7894","(096) Q62-8141"
72,"Nora","Henkel","female","nora.ryan@example.com","1980-08-07","United States","E Sandy Lake Rd","Peoria","Alaska","74906","(448) 859-9259","(574) 575-6823"
73,"Aymeric","Henkel","male","aymeric.legrand@example.com","1968-10-16","France","Rue de L'Abbé-Grégoire","Amiens","Vendée","65394","04-56-44-69-46","06-21-59-17-80"
74,"Sander","Henkel","male","sander.andersen@example.com","1952-11-27","Denmark","Egeskovvej","Stenderup","Midtjylland","84342","01542108","90378236"
75,"Sebastian","Henkel","male","sebastian.mckinney@example.com","1957-12-06","United States","Paddock Way","Vernon","New Mexico","26801","(641) 281-0610","(612) 763-3134"
76,"Kate","Henkel","female","kate.roberts@example.com","1949-05-08","New Zealand","Lake Road","Whangarei","West Coast","69741","(471)-779-6279","(773)-876-7386"
77,"Megan","Henkel","female","megan.cole@example.com","1945-04-20","United Kingdom","Station Road","Brighton and Hove","Gwynedd County","B44 6FQ","015394 58336","07388 848499"
78,"Pedro","Henkel","male","pedro.mckinney@example.com","1965-11-26","United Kingdom","Park Lane","Winchester","Lincolnshire","FS1 4XZ","017684 81828","07499 211779"
79,"Frida","Henkel","female","frida.kristensen@example.com","1957-03-18","Denmark","Skovvej","Lundby","Danmark","29251","74316537","91602946"
80,"Warren","Henkel","male","warren.russell@example.com","1946-04-11","Ireland","Pearse Street","Tipperary","Cavan","77924","051-124-4796","081-712-9397"
81,"Maeva","Henkel","female","maeva.mackay@example.com","1969-09-25","Canada","George St","Windsor","Yukon","C8W 4X3","E84 G63-5121","W56 F74-0606"
82,"Branka","Henkel","female","branka.lapcevic@example.com","2001-01-20","Serbia","Boranjska","Kanjiža","South Bačka","93179","037-3558-098","069-6318-563"
83,"Clara","Henkel","female","clara.klepp@example.com","1992-08-19","Norway","Abildsøfaret","Kodal","Trøndelag","7804","24769194","46053544"
84,"Maïwenn","Henkel","female","maiwenn.garcia@example.com","1960-11-23","France","Rue Baraban","Amiens","Rhône","80496","05-10-96-59-86","06-99-78-23-22"
85,"Tina","Henkel","female","tina.stanicstankovic@example.com","1993-09-17","Serbia","Česma","Koceljeva","Jablanica","86284","024-4303-250","062-6412-840"
86,"Ulita","Henkel","female","ulita.sopronyuk@example.com","2000-06-18","Ukraine","Ostrogradskih","Yuzhnoukrayinsk","Odeska","93079","(097) M44-7649","(068) R99-8460"
87,"Leo","Henkel","male","leo.kumar@example.com","1951-11-27","New Zealand","Collingwood Street","Gisborne","Waikato","74429","(108)-511-7376","(290)-629-0375"
88,"Carter","Henkel","male","carter.fuller@example.com","1999-08-10","United Kingdom","New Street","Coventry","Durham","V73 1GY","01216 582502","07375 648439"
89,"Orlanda","Henkel","female","orlanda.souza@example.com","1970-10-25","Brazil","Rua Boa Vista ","Codó","Alagoas","28264","(64) 3728-2048","(88) 1862-4757"
90,"Davut","Henkel","male","davut.gumuspala@example.com","1950-05-06","Turkey","Necatibey Cd","Sinop","Rize","51300","(464)-915-5341","(137)-290-0378"
91,"Lucy","Henkel","female","lucy.hammerstad@example.com","1991-06-08","Norway","Bisp Nikolas' gate","Brumunddal","Description","1850","68179765","90915113"
92,"Jesse","Henkel","male","jesse.rantala@example.com","1977-11-15","Finland","Reijolankatu","Ristijärvi","South Karelia","38665","06-693-443","045-660-14-80"
93,"Nella","Henkel","female","nella.tervo@example.com","1996-06-30","Finland","Suvantokatu","Nummi","Kymenlaakso","57196","08-001-186","043-952-10-33"
94,"Dierk","Henkel","male","dierk.paulsen@example.com","1977-09-24","Germany","Mittelstraße","Olbernhau","Hessen","81174","0719-6168939","0173-1773381"
95,"Terrance","Henkel","male","terrance.hicks@example.com","1966-07-26","United States","College St","Irving","Massachusetts","28434","(957) 610-6915","(307) 369-1322"
96,"Maja","Henkel","female","maja.aleksic@example.com","1980-07-17","Serbia","Lipovačka","Sremska Mitrovica","Peć","34401","037-0295-480","064-7332-057"
97,"Molly","Henkel","female","molly.moore@example.com","2000-08-24","New Zealand","Highbrook Drive","Upper Hutt","Bay of Plenty","36454","(031)-493-2029","(648)-147-3851"
98,"Viola","Henkel","female","viola.schalk@example.com","1969-07-30","Germany","Rosenstraße","Diepholz","Sachsen-Anhalt","98311","0878-5118074","0175-4072731"
99,"Zora","Henkel","female","zora.jevtic@example.com","1961-08-18","Serbia","Porodice Mihailović","Bajina Bašta","Podunavlje","18873","013-9209-538","067-5921-344"
